ts,dut,gen,bench,sweep,scenario,rules,nrules,attack,frame,flows,offered_mpps,dut_mpps,tx_mpps,nic_lost_pct,cyc_pkt,tuples,floor,max_cyc,max_nic_lost_pct,max_tuples,verdict,detail
1790980046,bob,alice,oneport,,5rules-drop,5 hot port-range drop rules,,fixed-flood-31,64 B,,200,187.1,,6.29,75.1,,135,130,1,,FAIL,FAIL adapter lost 6.29% at peak (ceiling 1.0%)
1790980075,bob,alice,oneport,,0rules,no rules (forwarding baseline),,fwd-flood-32,64 B,,142,141.8,,0.444,46.4,,97,70,1,,PASS,PASS forwarded-onward
1790980108,bob,alice,oneport,,country-set-drop,"20,000 source prefixes (/10 to /24) in one named set, one drop rule",,fixed-flood-31,64 B,,200,186.6,,6.4,73.5,,135,160,1,,FAIL,FAIL adapter lost 6.40% at peak (ceiling 1.0%)
1790980116,bob,alice,sets-tuples,,country-set-drop,"20,000 source prefixes (/10 to /24) in one named set, one drop rule",,,,,,,,,,1,,,,1,PASS,
1790980226,bob,alice,flows,,1m-rules-drop,"983,045 rules",,cold-scan,64 B,32000,200,185.4,,7.5,92,,135,330,0.6,,FAIL,
1790980338,bob,alice,flows,,1m-rules-drop,"983,045 rules",,cold-scan-scatter,64 B,32000,200,185.5,,7.5,93,,135,330,0.6,,FAIL,
1790980449,bob,alice,flows,,1m-rules-drop,"983,045 rules",,cold-scan-imix,"IMIX 64/570/1518 B, 7:4:1",32000,129.1,86.4,,33.3,103,,31,900,0.6,,FAIL,
1790980550,bob,alice,flows,,1m-rules-drop-ip6,"983,040 IPv6 rules",,ip6-cold-scan,64 B,56000,200,185.4,,7.54,72,,135,330,0.6,,FAIL,
1790980565,bob,alice,psample,,,,,fixed-flood-31,64 B,,,,,,,,,,,,PASS,
1790980594,bob,alice,ceiling,,drop 0/3,,,,,,200.0,164.8,164.8,17.6,,,,,,,INFO,
1790980619,bob,alice,ceiling,,drop 1/3,,,,,,199.5,173.1,115.4,13.3,,,,,,,INFO,
1790980646,bob,alice,ceiling,,drop 2/3,,,,,,200.0,180.5,0,9.74,,,,,,,INFO,
1790980674,bob,alice,ceiling,,drop 3/3,,,,,,199.1,187.1,2383.2,6.06,,,,,,,INFO,
1790980717,bob,alice,survey,rules,nrules-drop,,5,fixed-flood-31,64 B,0,200,188.2,,6.27,74,,,,,,INFO,
1790980757,bob,alice,survey,rules,nrules-drop,,1000,fixed-flood-31,64 B,0,200,187.3,,6.45,87,,,,,,INFO,
1790980797,bob,alice,survey,rules,nrules-drop,,10000,fixed-flood-31,64 B,0,200,187.9,,6.43,86,,,,,,INFO,
1790980840,bob,alice,survey,rules,nrules-drop,,100000,fixed-flood-31,64 B,0,200,186.4,,7.18,104,,,,,,INFO,
1790980922,bob,alice,survey,rules,nrules-drop,,983045,fixed-flood-31,64 B,0,200,186.3,,7.25,107,,,,,,INFO,
1790980965,bob,alice,survey,attacks,5rules-drop,5 hot port-range drop rules,,udp-rand,64 B,26000,200,184.4,,8.21,121,,,,,,INFO,
1790981004,bob,alice,survey,attacks,5rules-drop,5 hot port-range drop rules,,syn-flood,64 B,26000,200,165.4,,17.6,56,,,,,,INFO,
1790981043,bob,alice,survey,attacks,5rules-drop,5 hot port-range drop rules,,ack-flood,64 B,26000,200,165.5,,17.6,56,,,,,,INFO,
1790981083,bob,alice,survey,attacks,5rules-drop,5 hot port-range drop rules,,icmp-flood,64 B,26000,200,165.4,,17.6,56,,,,,,INFO,
1790981124,bob,alice,survey,attacks,5rules-drop,5 hot port-range drop rules,,frag-flood,64 B,26000,200,188.3,,6.29,73,,,,,,INFO,
1790981163,bob,alice,survey,attacks,5rules-drop,5 hot port-range drop rules,,fixed-flood-31,64 B,26000,200,188.3,,6.25,75,,,,,,INFO,
1790981202,bob,alice,survey,attacks,5rules-drop,5 hot port-range drop rules,,fwd-flood-32,64 B,26000,200,165.4,,17.6,98,,,,,,INFO,
1790981242,bob,alice,survey,attacks,5rules-drop,5 hot port-range drop rules,,tcp-flows-31,64 B,26000,200,165.4,,17.6,56,,,,,,INFO,
1790981282,bob,alice,survey,attacks,5rules-drop,5 hot port-range drop rules,,cold-scan,64 B,26000,200,164.8,,17.6,98,,,,,,INFO,
1790981321,bob,alice,survey,attacks,5rules-drop,5 hot port-range drop rules,,cold-scan-scatter,64 B,26000,200,165.4,,17.6,98,,,,,,INFO,
1790981360,bob,alice,survey,attacks,5rules-drop,5 hot port-range drop rules,,cold-scan-imix,"IMIX 64/570/1518 B, 7:4:1",26000,129.1,55.8,,57.0,123,,,,,,INFO,
1790981400,bob,alice,survey,attacks,5rules-drop,5 hot port-range drop rules,,bng,64 B,26000,200.1,165.2,,17.7,96,,,,,,INFO,
1790981439,bob,alice,survey,attacks,5rules-drop,5 hot port-range drop rules,,bng-imix,64 B,26000,128.3,55.8,,56.7,121,,,,,,INFO,
1790981479,bob,alice,survey,attacks,5rules-drop,5 hot port-range drop rules,,ipv6-flood,64 B,26000,200,183.2,,8.74,128,,,,,,INFO,
1790981518,bob,alice,survey,attacks,5rules-drop,5 hot port-range drop rules,,ip6-cold-scan,64 B,26000,200,165.2,,17.8,100,,,,,,INFO,
1790981557,bob,alice,survey,attacks,5rules-drop,5 hot port-range drop rules,,reflection-mix,mixed sizes,26000,48.9,23.9,,51.3,153,,,,,,INFO,
1790981597,bob,alice,survey,attacks,5rules-drop,5 hot port-range drop rules,,multivector,64 B,26000,135.1,126.7,,6.6,96,,,,,,INFO,
1790981636,bob,alice,survey,attacks,5rules-drop,5 hot port-range drop rules,,mix-sizes,mixed sizes,26000,70.7,32.9,,54.0,137,,,,,,INFO,
1790981676,bob,alice,survey,attacks,5rules-drop,5 hot port-range drop rules,,mix-protos,64 B,26000,200,163.7,,18.5,100,,,,,,INFO,
1790981715,bob,alice,survey,attacks,5rules-drop,5 hot port-range drop rules,,mix-udptcp,64 B,26000,200,165.1,,17.8,92,,,,,,INFO,
1790981755,bob,alice,survey,attacks,5rules-drop,5 hot port-range drop rules,,mix-burst,64 B,26000,17.9,17.9,,0.311,147,,,,,,INFO,
1790981818,bob,alice,survey,attacks,1m-rules-drop,"983,045 rules",,udp-rand,64 B,26000,199.9,183.1,,8.83,135,,,,,,INFO,
1790981901,bob,alice,survey,attacks,1m-rules-drop,"983,045 rules",,syn-flood,64 B,26000,200,174.2,,13.3,92,,,,,,INFO,
1790981983,bob,alice,survey,attacks,1m-rules-drop,"983,045 rules",,ack-flood,64 B,26000,200,174.4,,13.2,92,,,,,,INFO,
1790982066,bob,alice,survey,attacks,1m-rules-drop,"983,045 rules",,icmp-flood,64 B,26000,200,174.4,,13.2,92,,,,,,INFO,
1790982149,bob,alice,survey,attacks,1m-rules-drop,"983,045 rules",,frag-flood,64 B,26000,200,187.1,,6.85,105,,,,,,INFO,
1790982231,bob,alice,survey,attacks,1m-rules-drop,"983,045 rules",,fixed-flood-31,64 B,26000,199.9,187.3,,6.81,107,,,,,,INFO,
1790982314,bob,alice,survey,attacks,1m-rules-drop,"983,045 rules",,fwd-flood-32,64 B,26000,200,165.2,,17.7,112,,,,,,INFO,
1790982396,bob,alice,survey,attacks,1m-rules-drop,"983,045 rules",,tcp-flows-31,64 B,26000,200,174.2,,13.2,92,,,,,,INFO,
1790982479,bob,alice,survey,attacks,1m-rules-drop,"983,045 rules",,cold-scan,64 B,26000,200,186.5,,7.17,91,,,,,,INFO,
1790982563,bob,alice,survey,attacks,1m-rules-drop,"983,045 rules",,cold-scan-scatter,64 B,26000,200.1,186.6,,7.09,92,,,,,,INFO,
1790982648,bob,alice,survey,attacks,1m-rules-drop,"983,045 rules",,cold-scan-imix,"IMIX 64/570/1518 B, 7:4:1",26000,129.3,86.3,,33.4,104,,,,,,INFO,
1790982727,bob,alice,survey,attacks,1m-rules-drop,"983,045 rules",,bng,64 B,26000,199.9,165.2,,17.8,111,,,,,,INFO,
1790982809,bob,alice,survey,attacks,1m-rules-drop,"983,045 rules",,bng-imix,64 B,26000,128.9,55.8,,56.9,139,,,,,,INFO,
1790982883,bob,alice,survey,attacks,1m-rules-drop,"983,045 rules",,ipv6-flood,64 B,26000,200,184.3,,8.24,128,,,,,,INFO,
1790982964,bob,alice,survey,attacks,1m-rules-drop,"983,045 rules",,ip6-cold-scan,64 B,26000,200,164.9,,17.6,102,,,,,,INFO,
1790983045,bob,alice,survey,attacks,1m-rules-drop,"983,045 rules",,reflection-mix,mixed sizes,26000,49,39.8,,19.0,445,,,,,,INFO,
1790983119,bob,alice,survey,attacks,1m-rules-drop,"983,045 rules",,multivector,64 B,26000,135.2,109.8,,19.1,426,,,,,,INFO,
1790983197,bob,alice,survey,attacks,1m-rules-drop,"983,045 rules",,mix-sizes,mixed sizes,26000,70.2,53.8,,24.4,578,,,,,,INFO,
1790983275,bob,alice,survey,attacks,1m-rules-drop,"983,045 rules",,mix-protos,64 B,26000,200,130.1,,35.2,348,,,,,,INFO,
1790983352,bob,alice,survey,attacks,1m-rules-drop,"983,045 rules",,mix-udptcp,64 B,26000,200,110.9,,44.8,437,,,,,,INFO,
1790983429,bob,alice,survey,attacks,1m-rules-drop,"983,045 rules",,mix-burst,64 B,26000,17.3,17.4,,0.3,508,,,,,,INFO,
1790983496,bob,alice,survey,scenarios,1m-rules-drop-proto,"983,040 rules",,fixed-flood-31,64 B,26000,200,174.2,,13.3,80,,,,,,INFO,
1790983580,bob,alice,survey,scenarios,1m-rules-drop-proto,"983,040 rules",,cold-scan,64 B,26000,200,188.1,,6.4,65,,,,,,INFO,
1790983664,bob,alice,survey,scenarios,1m-rules-drop-proto,"983,040 rules",,multivector,64 B,26000,135,105.3,,22.4,405,,,,,,INFO,
1790983746,bob,alice,survey,scenarios,1m-rules-drop-ip6,"983,040 IPv6 rules",,fixed-flood-31,64 B,26000,200,165.6,,17.5,43,,,,,,INFO,
1790983828,bob,alice,survey,scenarios,1m-rules-drop-ip6,"983,040 IPv6 rules",,cold-scan,64 B,26000,200,165.5,,17.6,43,,,,,,INFO,
1790983910,bob,alice,survey,scenarios,1m-rules-drop-ip6,"983,040 IPv6 rules",,multivector,64 B,26000,135,127.2,,6.21,56,,,,,,INFO,
1790983986,bob,alice,survey,scenarios,multivector,rules for several attack families at once,,fixed-flood-31,64 B,26000,200,168,,16.3,160,,,,,,INFO,
1790984065,bob,alice,survey,scenarios,multivector,rules for several attack families at once,,cold-scan,64 B,26000,199.9,122.8,,38.9,251,,,,,,INFO,
1790984145,bob,alice,survey,scenarios,multivector,rules for several attack families at once,,multivector,64 B,26000,135.1,40.8,,69.9,1234,,,,,,INFO,
1790984223,bob,alice,survey,scenarios,tsweep,rule-diversity sweep,,fixed-flood-31,64 B,26000,200,174.2,,13.3,80,,,,,,INFO,
1790984306,bob,alice,survey,scenarios,tsweep,rule-diversity sweep,,cold-scan,64 B,26000,200,188.2,,6.34,65,,,,,,INFO,
1790984391,bob,alice,survey,scenarios,tsweep,rule-diversity sweep,,multivector,64 B,26000,135,131.7,,2.9,284,,,,,,INFO,
1790984435,bob,alice,survey,scenarios,country-set-drop,"20,000 source prefixes (/10 to /24) in one named set, one drop rule",,fixed-flood-31,64 B,26000,200,189.1,,5.86,75,,,,,,INFO,
1790984477,bob,alice,survey,scenarios,country-set-drop,"20,000 source prefixes (/10 to /24) in one named set, one drop rule",,cold-scan,64 B,26000,200,189,,5.9,75,,,,,,INFO,
1790984519,bob,alice,survey,scenarios,country-set-drop,"20,000 source prefixes (/10 to /24) in one named set, one drop rule",,multivector,64 B,26000,135.1,135.1,,0.321,90,,,,,,INFO,
1790984559,bob,alice,survey,scenarios,country-rules-drop,"the same 20,000 source prefixes as one rule each",,fixed-flood-31,64 B,26000,200,167.1,,16.8,218,,,,,,INFO,
1790984599,bob,alice,survey,scenarios,country-rules-drop,"the same 20,000 source prefixes as one rule each",,cold-scan,64 B,26000,200,167.1,,16.8,218,,,,,,INFO,
1790984639,bob,alice,survey,scenarios,country-rules-drop,"the same 20,000 source prefixes as one rule each",,multivector,64 B,26000,135.1,135.1,,0.323,234,,,,,,INFO,
1790984720,bob,alice,survey,flows,1m-rules-drop,"983,045 rules",,cold-scan,64 B,1000,199.9,188.3,,6.26,87,,,,,,INFO,
1790984804,bob,alice,survey,flows,1m-rules-drop,"983,045 rules",,cold-scan,64 B,10000,200,187.3,,6.78,91,,,,,,INFO,
1790984888,bob,alice,survey,flows,1m-rules-drop,"983,045 rules",,cold-scan,64 B,26000,200,186.3,,7.24,92,,,,,,INFO,
1790984972,bob,alice,survey,flows,1m-rules-drop,"983,045 rules",,cold-scan,64 B,32000,200,186.2,,7.29,92,,,,,,INFO,
1790985056,bob,alice,survey,flows,1m-rules-drop,"983,045 rules",,cold-scan,64 B,50000,200,184.3,,8.24,98,,,,,,INFO,
1790985140,bob,alice,survey,flows,1m-rules-drop,"983,045 rules",,cold-scan,64 B,100000,200,165.2,,17.8,180,,,,,,INFO,
1790985223,bob,alice,survey,flows,1m-rules-drop,"983,045 rules",,cold-scan,64 B,500000,200,95.8,,52.3,522,,,,,,INFO,
1790985303,bob,alice,survey,flows,1m-rules-drop,"983,045 rules",,cold-scan,64 B,983040,200,93.7,,53.3,542,,,,,,INFO,
1790985388,bob,alice,survey,flows,1m-rules-drop-ip6,"983,040 IPv6 rules",,ip6-cold-scan,64 B,1000,200,188.8,,5.99,69,,,,,,INFO,
1790985472,bob,alice,survey,flows,1m-rules-drop-ip6,"983,040 IPv6 rules",,ip6-cold-scan,64 B,10000,200,188.5,,6.17,69,,,,,,INFO,
1790985556,bob,alice,survey,flows,1m-rules-drop-ip6,"983,040 IPv6 rules",,ip6-cold-scan,64 B,26000,200,187.9,,6.46,69,,,,,,INFO,
1790985641,bob,alice,survey,flows,1m-rules-drop-ip6,"983,040 IPv6 rules",,ip6-cold-scan,64 B,32000,200,187.3,,6.74,69,,,,,,INFO,
1790985726,bob,alice,survey,flows,1m-rules-drop-ip6,"983,040 IPv6 rules",,ip6-cold-scan,64 B,50000,199.9,186.6,,7.21,70,,,,,,INFO,
1790985811,bob,alice,survey,flows,1m-rules-drop-ip6,"983,040 IPv6 rules",,ip6-cold-scan,64 B,100000,200.1,181.6,,9.62,91,,,,,,INFO,
1790985895,bob,alice,survey,flows,1m-rules-drop-ip6,"983,040 IPv6 rules",,ip6-cold-scan,64 B,500000,200,131.5,,34.5,285,,,,,,INFO,
1790985975,bob,alice,survey,flows,1m-rules-drop-ip6,"983,040 IPv6 rules",,ip6-cold-scan,64 B,983040,200.1,134.7,,33.0,273,,,,,,INFO,
1790986044,bob,alice,survey,frames,5rules-drop,5 hot port-range drop rules,,fixed-flood-31,64 B,,200,189.1,,5.86,74,,,,,,INFO,
1790986084,bob,alice,survey,frames,0rules,no rules (forwarding baseline),,fixed-flood-31,64 B,,200,165.5,,17.6,43,,,,,,INFO,
1790986151,bob,alice,survey,frames,5rules-drop,5 hot port-range drop rules,,fixed-flood-31,128 B,,200,128.2,,36.1,129,,,,,,INFO,
1790986190,bob,alice,survey,frames,0rules,no rules (forwarding baseline),,fixed-flood-31,128 B,,200,114.2,,43.2,47,,,,,,INFO,
1790986257,bob,alice,survey,frames,5rules-drop,5 hot port-range drop rules,,fixed-flood-31,256 B,,120,100.5,,16.7,83,,,,,,INFO,
1790986297,bob,alice,survey,frames,0rules,no rules (forwarding baseline),,fixed-flood-31,256 B,,120,83.4,,30.8,49,,,,,,INFO,
1790986364,bob,alice,survey,frames,5rules-drop,5 hot port-range drop rules,,fixed-flood-31,512 B,,73.8,69,,6.98,91,,,,,,INFO,
1790986403,bob,alice,survey,frames,0rules,no rules (forwarding baseline),,fixed-flood-31,512 B,,73.8,42.1,,43.1,68,,,,,,INFO,
1790986470,bob,alice,survey,frames,5rules-drop,5 hot port-range drop rules,,fixed-flood-31,1024 B,,44.4,40.4,,9.31,109,,,,,,INFO,
1790986509,bob,alice,survey,frames,0rules,no rules (forwarding baseline),,fixed-flood-31,1024 B,,44.2,24,,45.9,96,,,,,,INFO,
1790986576,bob,alice,survey,frames,5rules-drop,5 hot port-range drop rules,,fixed-flood-31,1500 B,,32.8,28.2,,14.4,133,,,,,,INFO,
1790986615,bob,alice,survey,frames,0rules,no rules (forwarding baseline),,fixed-flood-31,1500 B,,32.8,16.8,,48.8,115,,,,,,INFO,
1790986683,bob,alice,survey,frames,5rules-drop,5 hot port-range drop rules,,cold-scan-imix,IMIX 7:4:1,,129.9,55.7,,57.2,126,,,,,,INFO,
1790986723,bob,alice,survey,frames,0rules,no rules (forwarding baseline),,cold-scan-imix,IMIX 7:4:1,,129.5,55.7,,57.1,61,,,,,,INFO,
1790986781,bob,alice,twoport,,5rules-drop,5 hot port-range drop rules,,fixed-flood-31,64 B,,400,177.8,,1.95,76.2,,0,,0,,PASS,PASS dropped-in-node
1790986860,bob,alice,twoport,,1m-rules-drop,"983,045 rules",,fixed-flood-31,64 B,,400,176.6,,2.34,110,,0,,0,,PASS,PASS dropped-in-node
1790986887,,,thermal,,bob,,,,,,,,,,,,,,,,INFO,
1790986887,,,thermal,,alice,,,,,,,,,,,,,,,,INFO,
